0_RfR 0,0_RfR 1,0_RfR 2,1_RfR 0,1_RfR 1,1_RfR 2,2_RfR 0,2_RfR 1,2_RfR 2,3_RfR 0,3_RfR 1,3_RfR 2,4_RfR 0,4_RfR 1,4_RfR 2,EWS_DaysToThreat,A.1_DikeIncrease 0,A.1_DikeIncrease 1,A.1_DikeIncrease 2,A.2_DikeIncrease 0,A.2_DikeIncrease 1,A.2_DikeIncrease 2,A.3_DikeIncrease 0,A.3_DikeIncrease 1,A.3_DikeIncrease 2,A.4_DikeIncrease 0,A.4_DikeIncrease 1,A.4_DikeIncrease 2,A.5_DikeIncrease 0,A.5_DikeIncrease 1,A.5_DikeIncrease 2,Expected Annual Damage,Dike Investment Costs,RfR Investment Costs,Evacuation Costs,Expected Number of Deaths
1,0,0,0,0,0,0,0,0,0,0,0,0,0,0,0,0,0,0,0,0,0,3,0,0,0,1,3,2,0,0,61387484.24903842,66839330.599367574,84600000.0,0.0,0.061854209587250915
0,0,0,0,0,0,0,0,0,0,0,0,0,0,0,3,1,0,0,0,3,0,3,0,0,0,1,4,2,0,0,67493916.54158202,148661151.86924335,0.0,2370.4287541418817,0.007028898416431385
0,0,0,0,0,0,0,0,0,0,0,0,0,0,0,2,3,0,0,0,0,0,3,6,0,2,0,2,7,0,0,58556881.82446043,160585670.3226407,0.0,2808.2356319103515,0.009045250357094161
0,0,0,0,0,0,0,0,0,0,0,0,0,0,0,1,0,2,0,1,0,0,3,0,0,0,0,0,5,0,0,88318464.83862434,136375033.480522,0.0,1285.1005770689144,0.025420490892440736
0,1,0,0,0,0,0,1,1,0,0,0,0,0,0,2,0,0,0,0,0,0,3,1,0,3,0,4,6,0,0,19555749.94778182,106100672.6691489,146000000.0,937.7124233100542,0.0030221598771940925
0,0,0,0,0,0,0,0,0,0,0,0,0,0,0,3,2,0,0,3,0,0,2,0,0,3,1,4,2,0,0,23727729.554014303,161378365.84800583,0.0,1134.6563690035716,0.005613148869421984
0,0,0,0,0,0,0,0,0,0,0,0,0,0,0,1,2,0,0,3,0,0,3,0,0,3,1,4,4,0,0,23727729.554014303,169207466.69010532,0.0,550.136421335065,0.016839446608265956
0,0,1,0,0,0,0,0,0,0,0,0,0,0,0,3,0,0,0,0,0,0,3,0,0,0,4,1,4,0,0,60603709.42050734,74500393.50052866,84600000.0,3650.172992129352,0.007368017397820035
1,1,0,0,0,0,1,1,1,0,0,0,0,0,0,1,0,0,0,0,0,0,3,2,0,3,0,3,6,0,0,11408254.434697498,106793885.05002451,261300000.0,328.9889870252172,0.004253371862905649
1,0,0,0,0,0,1,0,0,0,0,0,0,0,0,1,0,0,0,0,0,0,3,1,0,3,0,4,4,0,0,27434568.72832584,99204116.842622,115300000.0,791.1492815958914,0.01022865239208978
0,1,0,0,0,0,1,1,1,0,0,0,0,0,0,0,0,0,0,0,0,0,3,1,0,3,0,4,6,0,0,11408254.434697498,106100672.6691489,176700000.0,0.0,0.011814921841404582
1,0,0,0,0,0,0,0,0,0,0,0,0,0,0,1,0,0,0,0,0,0,3,1,0,3,0,4,4,0,0,58556881.82446043,99204116.842622,84600000.0,1691.5489923977643,0.021708600857025983
1,0,0,0,0,0,0,1,0,0,0,0,0,0,0,2,0,0,0,0,0,0,2,3,0,1,1,3,5,0,0,28502090.631415065,106623102.62524977,115300000.0,1377.0512947771692,0.004355211144985122
1,0,0,0,0,0,0,0,0,0,0,0,0,0,0,3,0,0,0,0,0,0,3,0,0,3,2,3,2,0,0,58556881.82446043,78339202.54746577,84600000.0,3488.819796820389,0.007236200285675327
1,0,0,0,0,0,0,0,0,0,0,0,0,0,0,3,0,0,0,0,0,0,3,0,0,0,1,3,2,0,0,61387484.24903842,66839330.599367574,84600000.0,3708.4617189683577,0.00742250515047011
1,0,0,0,0,0,0,0,0,0,0,0,0,0,0,1,0,0,0,0,0,0,3,0,0,0,6,3,4,0,0,60603709.42050734,80503155.7316596,84600000.0,1769.7808446687768,0.022104052193460105
0,0,0,0,0,0,1,1,1,0,0,0,0,0,0,0,3,0,0,0,0,0,3,2,0,3,4,4,5,0,0,11408254.434697498,159127870.7057364,92100000.0,0.0,0.011814921841404582
1,0,0,0,0,0,0,0,0,0,0,0,0,0,0,2,0,0,0,0,0,0,3,1,0,0,0,3,3,0,0,62650537.01655425,85455103.06044486,84600000.0,3067.9898289039475,0.009374793137455928
0,0,0,0,0,0,0,1,0,0,0,0,0,0,0,3,1,0,0,0,0,0,2,0,0,0,0,5,3,0,0,78618747.3559439,96283017.02160013,30700000.0,3159.2454788575187,0.007930281647981817
0,0,0,0,0,0,0,1,0,0,0,0,0,0,0,0,3,0,0,0,0,0,3,0,0,3,0,3,6,0,0,27434568.72832584,124566555.48965843,30700000.0,0.0,0.0284129233113605
1,0,0,0,0,0,1,1,1,0,0,0,0,0,0,3,0,0,0,0,0,0,3,1,0,0,1,3,3,0,0,19144553.52357956,92064763.54418777,176700000.0,1265.1411217167713,0.0019426979559567228
0,0,0,0,0,0,0,0,0,0,0,0,0,0,0,0,3,0,0,1,0,0,3,3,0,1,0,6,4,0,0,25858617.697368085,184213489.63177052,0.0,0.0,0.02553113626074629
0,1,0,0,0,0,0,0,1,0,0,0,0,0,0,1,0,0,0,0,0,0,0,6,0,2,1,3,6,0,0,34778428.69010669,95114642.71093981,115300000.0,963.4639701102856,0.015440077143007382
1,0,0,0,0,0,0,0,0,0,0,0,0,0,0,1,0,0,0,0,0,0,2,0,0,0,6,2,4,0,0,77194394.26057827,77101155.90381701,84600000.0,2153.5129723318323,0.03403830192950319
1,0,0,0,0,0,0,0,1,0,0,0,0,0,0,1,0,0,0,0,0,0,3,0,0,0,2,3,2,0,0,32394232.974939715,68149341.28260864,115300000.0,979.9872980121404,0.011192019792046587
1,0,0,0,1,0,0,0,1,0,0,0,0,0,0,0,0,0,0,0,1,0,2,0,0,0,2,2,3,0,0,21908945.54909676,105938274.82567616,333100000.0,0.0,0.020429406825689923
0,0,0,0,0,0,0,0,0,0,0,0,0,0,0,3,3,0,0,0,0,0,3,0,0,3,3,0,3,0,0,58556881.82446043,114644409.1483144,0.0,3488.819796820389,0.007236200285675327
1,0,0,0,0,0,1,1,1,0,0,0,0,0,0,3,0,0,0,0,0,0,3,2,0,7,1,3,3,0,0,11408254.434697498,112387263.57782893,176700000.0,678.5397857395105,0.0014177906209685497
0,0,0,0,0,0,0,0,1,0,0,0,0,0,0,2,1,0,0,0,0,0,2,0,0,0,0,1,5,0,0,79686269.25903313,97860195.44292644,30700000.0,2606.5731439543415,0.010006124708258318
1,0,0,0,0,0,0,1,0,0,0,0,0,0,0,0,0,0,0,0,0,0,4,0,0,4,0,1,4,0,0,27434568.72832584,76705740.59147373,115300000.0,0.0,0.0284129233113605
0,0,0,0,0,0,0,0,1,0,0,0,0,0,0,0,3,0,0,0,0,0,3,0,0,4,2,3,1,0,0,29524559.832479965,119950298.20437492,30700000.0,0.0,0.03049962718826327
0,0,0,0,0,0,0,0,0,0,0,0,0,0,0,1,2,0,0,0,0,0,3,1,0,3,1,4,4,0,0,58556881.82446043,143816903.99710068,0.0,1691.5489923977643,0.021708600857025983
0,0,0,0,0,0,1,0,0,0,0,0,0,0,0,1,3,0,0,0,0,0,3,0,0,0,1,3,3,0,0,33461754.878028944,111904132.32846862,30700000.0,1018.3089139761439,0.011415874147921098
0,0,0,0,0,0,0,1,0,0,0,0,0,0,0,3,0,0,0,0,0,0,2,0,0,1,1,3,7,0,0,201290059.68497643,88259918.16226433,30700000.0,3612.8593864527634,0.01892766772942768
0,0,0,0,0,0,0,1,1,0,0,0,0,0,0,3,1,0,0,0,0,0,3,0,0,0,0,3,3,0,0,71185988.74706301,95697867.28451134,61400000.0,2707.489998365988,0.006990296142590268
0,0,0,0,0,0,0,0,0,0,0,0,0,0,0,0,3,0,0,0,0,0,3,0,0,6,2,1,7,0,0,58556881.82446043,140509366.4353261,0.0,0.0,0.06030166904729439
0,0,0,0,0,0,0,0,1,0,0,0,0,0,0,0,0,0,0,0,0,0,2,0,0,4,1,2,0,0,0,201290059.68497643,47766448.8146529,30700000.0,0.0,0.15773056441189737
0,0,0,0,0,0,0,0,0,0,0,0,0,0,0,3,3,0,0,0,0,0,4,0,0,0,2,3,0,0,0,76394756.37740284,85067964.06027474,0.0,4747.311474326977,0.009247759649299662
0,0,0,0,0,0,0,0,0,0,0,0,0,0,0,0,3,0,0,5,0,0,3,0,0,3,1,4,4,0,0,22663429.644012846,185811172.4750187,0.0,0.0,0.04567326144826932
0,0,0,0,0,0,0,0,0,0,0,0,0,0,0,1,3,0,0,0,1,0,3,1,0,0,0,0,4,0,0,45311155.868888825,160563913.48479426,0.0,1410.5701140069625,0.014801113430231647
0,0,0,0,0,0,1,1,0,0,0,0,0,0,0,3,3,0,0,0,0,0,3,0,0,0,1,3,1,0,0,52330329.93741478,106589820.37226236,61400000.0,3476.067934007481,0.0059548287982564615
0,0,0,0,0,0,0,0,1,0,0,0,0,0,0,3,1,0,0,0,0,0,3,0,0,0,0,0,5,0,0,83578411.60255778,93569609.38581781,30700000.0,3548.7238877160326,0.008251404114634086
0,0,0,0,0,0,0,1,0,0,0,0,0,0,0,1,0,0,0,0,0,0,2,1,0,3,5,4,0,0,0,201290059.68497643,77259308.75103375,30700000.0,1751.6893994922489,0.05678300318828305
0,0,0,0,0,0,1,1,1,0,0,0,0,0,0,0,3,0,0,0,0,0,3,2,0,0,4,3,5,0,0,16590948.767142938,147049677.18438312,92100000.0,0.0,0.014706931522741976
0,0,1,0,0,0,0,0,0,0,0,0,0,0,0,2,0,0,0,0,0,0,2,0,0,0,1,2,4,0,0,77978169.08910935,69448358.73991956,84600000.0,3622.0860297655295,0.01425073549477226
1,0,0,0,0,0,0,1,0,0,0,0,0,0,0,0,0,0,0,0,0,0,3,0,0,0,3,1,2,0,0,32394232.974939715,67220825.48455323,115300000.0,0.0,0.03108894386679608
0,0,0,0,0,0,0,1,1,0,0,0,0,0,0,2,0,0,0,0,0,0,3,0,0,1,1,4,1,0,0,185598417.80519938,72461936.4856348,61400000.0,2152.1231250751366,0.021272293236297077
0,0,0,0,0,0,0,0,0,0,0,0,0,0,0,3,3,0,0,0,1,0,3,0,0,2,1,6,4,0,0,34261818.97754804,166125331.86376515,0.0,2018.5585658746372,0.0044365982131872915
0,0,0,0,0,0,0,1,0,0,0,0,0,0,0,1,0,0,0,0,0,0,2,0,0,0,1,3,1,0,0,202634138.22091556,62268100.46532844,30700000.0,1804.8734956989902,0.05702981816723666
0,0,0,0,0,0,0,1,1,0,0,0,0,0,0,2,1,0,0,0,0,0,3,0,0,0,0,0,4,0,0,76368683.07950845,90270050.10272041,61400000.0,2498.869980656359,0.009171671630438444
0,1,0,0,0,0,1,0,0,0,1,0,0,0,0,3,0,0,0,3,0,0,2,0,0,2,2,0,3,0,0,2320637.7544169608,115535852.43701221,236500000.0,118.1491199364464,0.0005032064580905082
1,0,0,0,0,0,0,0,0,0,0,0,0,0,0,1,0,0,0,2,0,0,3,0,0,3,0,3,3,0,0,13900148.221388858,115171319.16543593,84600000.0,385.06744344592926,0.006061636927876776
0,0,0,0,0,1,0,1,0,0,0,0,0,0,0,0,0,0,0,0,0,0,3,0,0,2,0,0,5,0,0,27434568.72832584,68206788.51117766,248500000.0,0.0,0.0284129233113605
0,1,0,0,0,0,0,1,1,0,0,0,0,0,0,1,0,0,0,0,0,0,3,0,0,3,1,3,5,0,0,19555749.94778182,85988704.01863602,146000000.0,564.8338361585268,0.00725318370526582
0,0,0,0,0,0,0,0,0,0,0,0,0,0,0,0,3,4,0,5,0,0,5,0,0,4,1,4,7,0,0,0.0,256010046.92534447,0.0,0.0,0.0
1,0,0,0,0,0,0,0,0,0,0,0,0,0,0,0,0,0,0,3,0,0,3,1,0,7,0,0,3,0,0,13836306.678682148,139106046.70843616,84600000.0,0.0,0.02167281355910155
0,0,0,0,0,0,1,0,0,0,0,0,0,0,0,3,3,0,0,0,1,0,2,0,0,1,1,2,4,0,0,18016803.20557211,156780878.5495985,30700000.0,1083.6600099120583,0.0022050244710553582
0,0,0,0,0,0,0,1,0,0,0,0,0,0,0,1,0,3,0,2,0,0,4,0,0,6,0,0,4,0,0,69670564.32810739,157476875.42415574,30700000.0,655.4854354550903,0.019999502848965966
1,1,0,0,0,0,1,1,0,0,0,0,0,0,0,3,0,0,0,0,0,0,2,0,0,0,1,2,5,0,0,27292049.036663886,72747918.02301696,230600000.0,1751.5711230542222,0.0029426352367434468
0,0,0,0,0,0,0,0,0,0,0,0,0,0,0,0,0,3,0,2,0,0,3,0,0,0,2,4,3,0,0,72476983.2852648,157360662.21298623,0.0,0.0,0.059182613481229024
1,1,0,0,0,0,1,0,1,0,0,0,0,0,0,1,0,0,0,0,2,0,3,0,0,3,0,5,4,0,0,7223941.885838301,121089647.1663522,230600000.0,208.47335548286043,0.0026869057909481957
0,0,0,0,0,0,0,0,0,0,0,0,0,0,0,2,0,0,1,0,0,0,2,0,0,0,1,4,0,0,0,202051773.71211198,71210008.08593036,0.0,4749.812478909016,0.0263772736708928
0,0,0,0,0,0,0,0,0,0,0,0,0,0,0,0,3,0,0,0,0,0,3,0,0,0,0,0,3,0,0,64697364.61260116,96841064.14811766,0.0,0.0,0.06359709685091207
0,1,0,0,0,0,0,1,1,0,0,0,0,0,0,0,0,0,0,0,0,0,2,0,0,0,2,2,4,0,0,24738444.280227263,70718743.38872921,146000000.0,0.0,0.023039742195964677
0,0,0,1,0,0,0,0,0,0,0,0,0,0,0,1,0,0,0,0,0,0,3,0,0,0,0,7,0,0,0,78441583.97344977,38459684.232860625,217800000.0,2379.958627702274,0.028138730284333113
1,1,0,0,0,0,0,1,1,0,0,0,0,0,0,2,0,0,0,0,0,0,3,0,0,3,1,4,6,0,0,19555749.94778182,91006119.71643005,230600000.0,937.7124233100542,0.0030221598771940925
0,0,0,0,0,0,0,1,0,0,0,0,0,0,0,2,3,0,0,0,0,0,3,0,0,1,0,5,4,0,0,29569612.534504294,117634456.05827144,30700000.0,1440.6711650299092,0.004448483793266168
0,0,0,0,0,0,0,0,0,0,0,0,0,0,0,0,2,0,0,3,0,0,2,1,0,6,0,1,3,0,0,27196865.917478304,179646588.33954594,0.0,0.0,0.0503071049651545
0,0,0,0,0,0,0,0,0,0,0,0,0,0,0,1,0,0,0,0,0,1,2,0,0,4,0,0,0,0,0,228082478.31474558,70108135.51273286,0.0,2574.1795214436506,0.06649475722696661
0,0,0,0,0,0,1,0,0,0,1,0,0,0,0,1,0,0,0,0,0,0,2,0,0,0,0,7,2,0,0,201206228.0496639,64007699.947958246,151900000.0,1749.9839252832949,0.056721437814619205
0,0,0,0,0,0,0,1,0,0,0,0,0,0,0,2,3,0,0,0,0,1,3,0,0,2,0,1,4,0,0,22191925.015404362,152204011.91961432,30700000.0,1061.0378833977998,0.003462473218621114
0,1,0,0,0,0,0,1,0,0,0,0,0,0,0,0,0,0,0,1,0,0,2,0,0,0,2,4,4,0,0,16889331.92200684,111491239.10113567,115300000.0,0.0,0.015315627431038663
0,0,0,0,0,0,0,0,0,0,0,0,0,0,0,0,2,0,0,0,1,0,3,2,0,1,0,4,4,0,0,36236319.19291874,173941598.20513165,0.0,0.0,0.036167991391299684
0,0,0,0,0,0,0,0,1,0,0,0,0,0,0,1,0,0,0,0,3,0,3,0,0,0,3,0,1,0,0,192173043.6343975,105531353.79724327,30700000.0,1501.3056921460948,0.0532101518864566
0,0,0,0,0,1,0,0,1,1,0,0,0,0,0,2,0,0,0,0,0,0,2,0,0,0,0,1,0,0,0,30727264.26203698,28488618.508469995,369700000.0,1526.9665851781901,0.004494027996473651
0,0,0,0,0,0,0,0,0,0,0,0,0,0,0,1,3,0,0,0,0,0,2,0,0,0,1,3,0,0,0,93769216.04600488,79522392.033531,0.0,2713.7201039859565,0.0398409919418923
0,0,0,0,0,0,0,1,0,0,0,0,0,0,0,2,3,0,0,3,0,0,3,0,0,5,0,1,4,0,0,0.0,166255232.00718755,30700000.0,0.0,0.0
0,0,0,0,0,0,0,1,1,0,0,0,0,0,0,1,0,0,0,0,0,0,3,0,0,0,4,0,3,0,0,186942496.34113848,64244753.85590641,61400000.0,1349.521790369647,0.05130031874606658
0,0,0,0,0,1,0,0,1,0,0,0,0,0,0,1,0,0,0,0,0,0,2,0,0,0,0,0,2,0,0,42313561.46816747,49746048.166458994,248500000.0,1357.6633308446385,0.013118754591960205
0,0,0,0,0,0,1,0,0,0,0,0,0,0,0,2,0,1,0,0,0,0,3,0,0,0,1,0,3,0,0,116375421.47892047,93565259.89756954,30700000.0,2462.1943833119867,0.014249277020618695
0,0,0,0,0,0,0,1,0,0,0,0,0,0,0,0,0,0,0,0,0,0,0,0,0,0,0,2,1,0,0,203978216.75685465,32369294.305695508,30700000.0,0.0,0.1591017587394174
0,0,0,0,0,0,0,1,1,0,0,0,0,0,0,3,0,0,0,0,0,0,3,0,0,6,0,0,2,0,0,185598417.80519938,64362720.41779473,61400000.0,2673.6964942109935,0.017017834589037658
0,0,0,1,0,0,0,0,0,0,0,0,0,0,0,2,0,0,0,0,0,0,3,0,0,0,0,4,0,0,0,78441583.97344977,33893227.81352643,217800000.0,3951.103190521354,0.011724470951805465
1,0,0,0,0,0,1,1,0,1,0,0,0,0,0,0,0,0,0,0,0,0,3,0,0,0,0,3,0,0,0,45864820.51521141,32651440.14796943,267200000.0,0.0,0.043193765850121635
0,0,0,0,0,0,0,0,0,0,0,0,0,0,0,1,3,0,0,0,0,0,2,0,0,0,0,3,0,0,0,95032268.8135207,72912731.54978809,0.0,2763.6907553653296,0.040072980020376195
0,0,0,0,0,0,0,0,0,0,0,0,0,0,0,1,0,0,0,3,0,0,4,0,0,3,3,0,6,0,0,185598417.80519938,132323096.48932731,0.0,1296.3376941629058,0.05105350376711297
0,0,0,0,0,0,0,0,0,0,0,0,0,0,0,3,3,0,0,6,0,0,4,0,0,0,2,2,4,0,0,6569513.722722368,183290913.8267131,0.0,486.7784671013844,0.000458765369406372
0,0,0,0,0,0,0,0,0,0,0,0,0,0,0,0,4,0,0,0,0,0,3,0,0,1,0,5,7,0,0,60124431.48152259,134007295.35329194,0.0,0.0,0.061209798258128986
0,1,0,0,0,0,0,0,1,0,0,0,0,0,0,3,0,0,0,3,0,0,3,0,0,5,1,0,4,0,0,0.0,123963726.35281126,115300000.0,0.0,0.0
0,0,0,0,0,0,0,0,0,0,0,0,0,0,0,2,0,1,0,0,0,0,2,0,0,0,0,3,0,0,0,169805972.71376938,63316126.98957373,0.0,5011.725335747561,0.02400955888769685
1,0,0,0,0,0,0,1,1,0,0,0,0,0,0,3,0,0,0,0,0,0,3,0,0,0,0,0,4,0,0,35103832.945118144,57575149.00855847,146000000.0,2355.9352022370513,0.003458851387036735
0,0,0,0,0,0,0,1,0,0,0,0,0,0,0,3,0,0,0,0,0,0,3,0,0,0,2,3,0,0,0,202634138.22091556,40571111.3149534,30700000.0,3722.551584879167,0.019009939389078884
0,0,0,0,0,0,0,0,0,0,0,0,0,0,0,1,2,0,0,1,0,0,2,0,0,3,0,2,3,0,0,42511359.82708667,144582764.1094494,0.0,1093.8150555794336,0.02378922201192711
1,0,0,0,0,0,0,0,0,0,0,0,0,0,0,2,0,0,0,0,0,0,3,0,0,3,3,2,0,0,0,74347928.78135595,50971140.60059619,84600000.0,3691.348993527758,0.011394928171443696
0,0,0,0,0,0,0,0,0,0,0,0,0,0,0,2,0,1,0,3,0,0,3,0,0,3,2,3,2,0,0,91485712.80454804,158876803.20472783,0.0,1205.9701029919183,0.010858664074677204
0,0,0,0,0,0,1,0,0,0,0,0,0,0,0,2,0,0,0,0,0,0,2,0,0,1,0,0,3,0,0,201290059.68497643,58840144.550849974,30700000.0,2908.078104625804,0.02365958466178461
1,0,0,0,0,0,0,1,0,0,0,0,0,0,0,2,0,0,0,0,0,0,3,3,0,3,0,3,1,0,0,29524559.832479965,93802956.20704943,115300000.0,1429.6932419569887,0.004574944078239491
0,0,0,0,0,0,0,0,0,0,0,0,0,0,0,0,3,0,0,5,0,0,4,0,0,3,3,2,4,0,0,115745.77819913885,188255212.83385393,0.0,0.0,7.480974925404075e-05
0,0,0,0,0,1,0,1,1,1,0,0,0,0,0,2,0,0,0,0,0,0,2,0,0,1,0,1,7,0,0,11685765.975168647,79218919.5181941,400400000.0,560.5692851115945,0.0018157542399749225
0,0,0,0,0,0,0,0,0,0,0,0,0,0,0,1,3,0,0,3,0,0,3,1,0,2,0,3,4,0,0,10855451.870454023,186534569.9597223,0.0,278.2359927847638,0.0064007100718413154
1,0,0,0,0,0,0,1,1,0,0,0,0,0,0,3,0,0,0,0,0,0,3,0,0,3,0,3,4,0,0,19555749.94778182,75378494.00875522,146000000.0,1164.9697870769614,0.0024177279017552735
0,0,0,0,0,0,0,0,0,0,0,0,0,0,0,1,3,0,0,1,0,0,4,0,0,0,7,4,4,0,0,25252662.83214178,166844766.06813687,0.0,767.7743783734986,0.00867194574162037
0,0,0,0,0,0,0,0,0,0,0,0,0,0,0,0,3,0,0,5,0,0,2,0,0,0,4,4,4,0,0,27846123.97645829,178031590.51908955,0.0,0.0,0.048565271129606714
1,1,0,0,0,0,0,0,0,0,0,0,0,0,0,0,0,0,0,0,0,0,2,0,0,0,0,0,0,0,0,97079096.40956761,22167818.198803753,169200000.0,0.0,0.11241230932447309
0,1,0,0,0,0,0,0,0,0,0,0,0,0,0,2,0,0,0,3,0,0,4,0,0,1,2,0,3,0,0,7252504.632058801,118501029.13170524,84600000.0,397.63171854831717,0.0009494840788527301
0,0,0,0,0,0,1,0,0,0,0,0,0,0,0,1,0,4,0,0,0,0,2,0,0,0,1,0,3,0,0,88865521.38932693,106688092.51230422,30700000.0,1241.1566490294251,0.026441293014856825
0,0,0,0,0,0,0,0,0,0,0,0,0,0,0,1,0,0,0,0,0,0,1,0,0,0,0,1,0,0,0,237607455.07401735,26620087.93698693,0.0,2831.5020407093048,0.06961541170473098
0,1,0,0,0,0,0,0,0,1,0,0,0,0,0,0,0,0,0,0,0,0,4,0,0,0,2,4,0,0,0,59146899.75395411,44104561.93567721,205800000.0,0.0,0.06016819935051804
0,0,0,0,0,1,1,1,0,0,1,0,0,0,0,0,0,0,0,0,0,0,0,0,0,0,0,6,1,0,0,39073019.841209926,37623672.08495183,400400000.0,0.0,0.0567426375457636
0,1,0,0,0,0,0,0,1,0,0,0,0,0,0,3,0,0,0,0,0,0,3,0,0,2,1,0,4,0,0,27434568.72832584,71667384.31347397,115300000.0,1631.7453932915262,0.0034095507973632595
0,0,0,0,0,0,0,0,0,0,0,0,0,0,0,1,3,0,0,0,0,0,3,0,0,1,0,2,0,0,0,75915478.4384181,80392962.08965638,0.0,2280.017324943528,0.027674754127365326
0,1,0,0,0,0,0,0,0,0,0,1,0,0,0,1,0,0,0,1,0,0,3,0,0,0,1,0,3,0,0,15035401.30969321,99115480.75517166,205800000.0,459.67219252947075,0.0051712811216745825
0,0,0,0,0,0,0,0,0,0,0,0,0,0,0,2,1,0,0,0,0,0,4,0,0,0,3,0,2,0,0,101868559.55489764,95129918.30073167,0.0,3540.6333532022454,0.014058129143917568
0,0,0,0,0,0,0,0,0,0,0,0,0,0,0,3,0,0,0,0,0,0,2,0,0,7,0,0,0,0,0,235081349.53898567,36429469.980303004,0.0,5633.844022023027,0.023050478515921066
0,0,0,0,0,0,0,0,1,0,0,0,0,0,0,3,3,0,0,0,0,0,2,0,0,0,0,0,0,0,0,122410190.68764773,64459323.85318004,30700000.0,8365.531992843482,0.01390675262166919
1,0,0,0,0,0,0,1,0,0,0,0,0,0,0,0,0,0,0,0,0,0,0,0,0,3,0,4,6,0,0,49466148.61366838,59450503.34769209,115300000.0,0.0,0.07184146290234053
0,0,0,0,0,0,0,0,0,0,0,0,0,0,0,3,0,0,0,2,0,0,3,0,0,7,1,0,4,0,0,185598417.80519938,122652051.40572473,0.0,2673.6964942109935,0.017017834589037658
1,0,0,0,0,0,0,1,1,0,0,0,0,0,0,1,0,0,0,0,0,0,0,1,0,2,0,1,4,0,0,26763006.09554674,67768639.48943327,146000000.0,736.6232344467459,0.012289899955238295
0,0,0,0,0,0,0,0,0,0,0,0,0,0,0,2,0,0,0,0,0,0,2,0,0,1,0,0,0,0,0,235081349.53898567,28488618.508469995,0.0,4534.81763136323,0.028813098144901343
0,0,0,0,0,0,0,0,0,0,0,0,0,0,0,2,3,0,0,0,0,0,3,1,0,0,0,2,3,0,0,62650537.01655425,126625281.23773488,0.0,3067.9898289039475,0.009374793137455928
1,0,0,0,0,0,0,1,0,0,0,0,0,0,0,3,0,0,0,0,0,0,0,0,0,0,1,0,5,0,0,56560856.66646071,42997476.14996074,115300000.0,3245.497603184367,0.009091334252182809
0,1,0,0,0,0,1,0,0,0,1,0,0,0,0,3,0,0,0,0,0,0,2,0,0,2,0,1,3,0,0,27291060.462040566,66611579.54609923,236500000.0,1625.7238461167226,0.0033744203043428586
0,0,0,0,0,0,0,1,0,0,0,0,0,0,0,3,3,0,0,0,0,0,3,0,0,0,1,3,4,0,0,33461754.878028944,114929722.84328572,30700000.0,2100.2621350757963,0.0038052913826403657
1,0,0,0,0,0,0,1,1,1,0,0,0,0,0,2,0,0,0,0,0,0,3,0,0,0,0,2,1,0,0,17600273.740477994,56567326.757056884,267200000.0,934.1578266650242,0.002294913274374007
0,0,0,0,0,0,0,1,0,0,0,0,0,0,0,1,0,0,0,0,0,0,0,0,0,0,0,2,0,0,0,203978216.75685465,7332080.219521779,30700000.0,1858.057591905731,0.057276633146190255
1,1,0,0,0,0,0,0,1,1,0,0,0,0,0,1,0,0,0,0,0,0,2,0,0,0,0,2,0,0,0,30633265.96503099,29499898.418325532,321100000.0,916.3475762241976,0.0107663176140677
0,0,0,0,0,0,0,0,0,0,0,0,0,0,0,0,0,0,2,0,0,0,2,0,0,0,0,0,0,0,0,191606704.03087798,59423021.43590583,0.0,0.0,0.16681780641040753
1,0,0,0,0,0,0,1,0,0,0,0,0,0,0,3,0,0,0,0,0,0,3,0,0,0,0,0,1,0,0,44403552.572321594,49235246.53753511,115300000.0,2944.618830700929,0.004623322662548401
0,0,0,0,0,0,1,0,0,0,0,0,0,0,0,1,2,0,0,0,0,0,3,0,0,3,0,0,3,0,1,27434568.72832584,127950715.48271674,30700000.0,791.1492815958914,0.01022865239208978
1,0,0,0,0,0,1,0,0,1,0,0,0,0,0,0,0,0,0,0,0,0,3,0,0,0,1,3,0,0,0,29056161.510541767,39261100.63171234,236500000.0,0.0,0.029067052336158885
0,0,0,0,0,0,0,1,1,0,0,0,0,0,0,2,1,0,0,0,0,0,2,0,0,1,0,6,2,0,0,65927809.59504537,101778297.60837506,61400000.0,1845.4810283374345,0.008314932706905831
0,0,0,0,0,0,0,1,1,0,0,0,0,0,0,2,3,0,0,0,0,0,2,0,0,0,2,5,5,0,0,24738444.280227263,120306234.82028939,61400000.0,1257.2580681604572,0.0034559613293947016
0,1,0,0,0,0,0,0,0,0,0,0,0,0,0,0,0,0,0,0,0,0,7,0,0,1,1,3,3,0,0,59340656.65299151,86471674.19902347,84600000.0,0.0,0.06075573365271169
0,0,0,0,0,0,1,0,0,0,0,0,0,0,0,2,0,1,0,0,0,0,3,0,0,0,1,3,3,0,0,115307899.57583125,102307527.76825425,30700000.0,2398.574513059247,0.01415600437233765
0,1,0,0,0,0,1,0,1,0,1,0,0,0,0,3,0,0,0,3,0,0,2,0,0,3,2,0,3,0,0,0.0,116925138.48368336,267200000.0,0.0,0.0
1,1,0,0,0,0,0,1,0,0,0,0,0,0,0,2,0,0,0,0,0,0,3,0,0,6,0,2,1,0,0,29524559.832479965,70791467.68535128,199900000.0,1429.6932419569887,0.004574944078239491
0,1,0,0,0,0,0,0,0,0,0,0,0,0,0,2,0,0,0,0,0,0,3,0,0,1,1,0,0,0,0,75131703.60988703,37055620.225612074,84600000.0,3738.267002820518,0.011463037862256291
0,0,0,0,0,0,0,0,0,0,0,0,0,0,0,1,0,0,0,0,0,0,2,0,0,7,0,0,2,0,0,235081349.53898567,64007699.947958246,0.0,2731.560737950558,0.06915143554776321
0,0,0,0,0,0,0,0,0,0,0,0,0,0,0,1,0,2,0,0,0,0,3,0,0,1,0,0,2,0,0,118965920.71969768,95352265.96578494,0.0,2094.741976031974,0.03784980560317218
0,0,0,0,0,0,0,0,0,0,0,0,0,0,0,0,3,0,0,0,0,0,2,0,0,0,0,2,0,0,0,95032268.8135207,71791404.07270183,0.0,0.0,0.11131383338993386
0,0,0,0,0,0,0,0,0,0,0,0,0,0,0,3,0,0,0,0,0,0,1,0,0,0,0,0,0,0,0,238870507.84153318,20299287.62732069,0.0,5943.037427432899,0.023282466594404964
0,0,0,0,0,0,0,1,0,0,0,0,0,0,0,2,3,0,0,0,0,0,0,0,0,0,1,0,0,0,0,136657485.88594097,48612305.96404253,30700000.0,7092.065937250629,0.02328146084566492
0,0,0,0,0,0,0,0,0,0,0,0,0,0,0,2,0,1,0,0,0,0,3,0,0,1,3,0,0,0,0,155435635.79015934,71956001.72587427,0.0,4374.185621336313,0.020433056427024594
0,0,0,0,0,0,0,0,0,0,0,0,0,0,0,2,0,0,0,0,0,1,2,0,0,6,0,0,0,0,0,228082478.31474558,72999398.1493459,0.0,4273.540221146685,0.027706148844569428
0,0,0,0,0,0,1,1,1,0,0,0,0,0,0,3,3,0,0,0,0,0,2,0,0,0,2,3,2,0,0,16590948.767142938,108410632.6844273,92100000.0,1075.5282574595406,0.0017648317827290369
1,0,0,0,0,0,0,1,1,0,0,0,0,0,0,1,0,0,0,0,0,0,2,0,0,0,1,3,7,0,0,27292049.036663886,81424399.92429435,146000000.0,849.2466051171988,0.00882790571023034
0,0,0,0,0,0,0,1,0,0,0,0,0,0,0,2,3,0,0,0,0,0,3,0,0,0,0,5,3,0,0,37353897.221553594,107909835.83437212,30700000.0,1940.4326509065058,0.0050647446633347495
0,0,0,0,0,0,0,0,0,0,0,0,0,0,0,1,3,0,0,0,0,0,4,0,0,0,0,0,3,0,0,64697364.61260116,99046411.2390627,0.0,1926.2445492108016,0.022894954866328348
0,0,0,0,0,0,0,0,1,0,0,0,1,0,1,1,0,0,0,0,0,0,0,0,0,0,3,0,0,0,0,201290059.68497643,8453407.696608048,542900000.0,1751.6893994922489,0.05678300318828305
0,1,0,0,0,0,0,0,0,0,0,0,0,0,0,2,0,0,0,0,0,0,1,0,0,0,0,0,0,0,0,97079096.40956761,20299287.62732069,84600000.0,4718.035579083771,0.01686184639867097
0,0,0,0,0,0,0,0,0,0,0,0,0,0,0,1,0,3,0,0,0,0,2,0,0,0,0,1,0,0,0,143079847.45270696,70780124.16284628,0.0,2805.1353177410806,0.05002943275379461
0,0,0,0,0,0,0,0,0,0,0,0,0,0,0,1,2,0,0,1,0,0,3,1,0,3,0,2,3,0,0,20751408.184494838,169065115.23210245,0.0,590.9527786266478,0.008124012014502547
0,0,0,0,0,0,0,0,0,0,0,0,0,0,0,0,0,0,0,0,0,0,2,0,0,0,0,1,0,0,0,237607455.07401735,28488618.508469995,0.0,0.0,0.1933761436242528
1,1,0,0,0,0,0,0,1,1,0,0,0,0,0,1,0,0,0,0,0,0,1,0,0,0,0,1,0,0,0,52609821.8048167,26620087.93698693,321100000.0,1436.143835320357,0.02622935035234944
0,0,0,0,0,0,0,0,1,0,0,0,0,0,0,1,0,0,2,0,0,0,2,0,0,0,0,7,1,0,0,146723050.13935584,98721887.30357881,30700000.0,1561.22110183262,0.04200892067935417
0,0,0,0,0,0,0,1,0,0,0,0,0,0,0,3,3,0,0,3,0,0,3,0,0,0,1,4,3,0,0,10758800.327748459,161031052.50418246,30700000.0,781.0306643533614,0.0008924617509760646
0,0,0,0,0,0,0,0,0,0,0,0,0,0,0,1,0,1,0,1,0,0,4,0,0,1,1,0,3,0,0,102756018.3577909,140552516.4048631,0.0,1057.5960237995225,0.029862021261224968
1,0,0,0,0,0,1,0,0,0,0,0,0,0,0,2,0,0,0,0,0,0,3,0,0,0,0,7,3,0,0,37353897.221553594,68811210.27524062,115300000.0,1940.4326509065058,0.0050647446633347495
1,1,0,0,0,0,0,0,0,0,0,0,0,0,0,0,0,0,0,3,0,0,5,0,0,1,0,0,3,0,0,9180027.95934026,113313423.04575527,169200000.0,0.0,0.006043778058223438
0,0,0,0,0,0,0,0,0,0,0,0,0,0,0,3,2,0,0,0,0,0,3,0,0,0,2,2,2,0,0,60603709.42050734,104205274.28884706,0.0,3650.172992129352,0.007368017397820035
0,0,0,0,0,0,1,1,0,0,0,0,0,0,0,1,3,0,0,0,0,0,3,0,0,0,3,2,4,0,1,24738444.280227263,145068573.3911902,61400000.0,757.313095174299,0.008294307190547282
0,0,0,0,0,0,0,0,0,0,0,0,0,0,0,2,3,0,0,3,0,0,3,0,0,2,0,3,2,0,0,53296517.7174279,158283546.50008503,0.0,2535.067455754389,0.011396454822842454
0,0,0,0,0,0,0,0,0,0,0,0,0,0,0,0,0,0,0,0,0,0,2,0,0,0,0,0,0,0,0,238870507.84153318,22167818.198803753,0.0,0.0,0.19402055495337472
1,0,0,0,0,1,0,1,0,0,0,1,0,0,0,2,0,0,0,0,0,0,3,0,0,0,0,3,0,0,0,30633265.96503099,32651440.14796943,454300000.0,1521.2801558409533,0.00448596567252821
0,1,0,0,0,0,0,0,0,0,0,0,0,0,0,2,0,0,0,1,0,0,2,0,0,0,3,0,3,0,0,47694054.159532115,99217873.88955584,84600000.0,2135.4495457146977,0.010345977290503575
0,0,0,0,0,0,0,0,0,0,0,0,0,0,0,0,3,0,0,5,0,0,2,0,0,1,4,3,4,0,0,25217034.40044947,183593677.58313078,0.0,0.0,0.04715547955850004
1,0,0,0,0,0,0,1,1,1,0,0,0,0,0,3,0,0,0,0,0,0,3,0,0,3,0,3,1,0,0,11497769.381156672,67038591.53773185,267200000.0,682.2957956677641,0.001439703673667231
0,0,0,0,0,0,0,0,0,0,0,0,0,0,0,2,0,1,0,0,0,0,2,0,0,6,0,0,0,0,0,166496092.35020664,67449177.29174379,0.0,4798.8891480467255,0.02374812579814768
0,0,0,0,0,0,0,0,0,0,0,0,0,0,0,3,0,0,2,0,0,0,2,0,0,0,0,0,0,0,0,191606704.03087798,59423021.43590583,0.0,5915.846744371917,0.020018136769248896
0,0,0,0,0,0,0,1,0,0,0,0,0,0,0,3,3,0,0,0,0,0,2,0,0,4,2,3,2,0,0,27434568.72832584,120461099.83329882,30700000.0,1631.7453932915262,0.0034095507973632595
0,1,0,0,0,0,0,0,0,0,0,0,0,0,0,1,0,0,0,0,0,0,2,0,0,0,0,3,1,0,0,79241221.85662518,55658439.98158553,84600000.0,2231.7448246028443,0.03443375326593731
0,0,0,0,0,0,0,1,1,0,0,0,0,0,0,1,2,0,0,0,0,0,4,0,0,0,3,3,1,0,0,49776725.18097816,106499141.865779,61400000.0,1593.432761091031,0.017330887875086326
0,0,0,0,0,0,0,0,1,0,0,0,0,0,0,2,0,0,1,0,0,0,1,0,0,0,0,0,0,0,0,198783737.09765604,52994188.72148262,30700000.0,4846.755904494421,0.02556067862777642
0,0,0,0,0,0,0,1,0,0,0,0,0,0,0,3,0,0,0,0,0,0,0,0,0,0,0,2,0,0,0,203978216.75685465,7332080.219521779,30700000.0,3832.24378330557,0.019092211048730084
0,0,0,0,0,0,0,1,0,0,0,0,0,0,0,2,0,1,0,0,0,0,1,0,0,0,1,0,0,0,0,184460894.215469,59314989.031148866,30700000.0,6020.790489331775,0.026536993000007638
1,0,0,0,1,1,0,0,0,1,0,0,0,0,0,0,0,0,0,3,0,0,3,0,0,0,0,3,3,0,0,10710562.41213857,110845665.75344951,641400000.0,0.0,0.012239693193097544
1,0,0,0,0,1,0,1,0,0,1,0,0,0,0,2,0,0,0,0,0,0,4,0,0,0,0,0,0,0,0,32304368.716526203,26403379.542306438,454300000.0,1627.6279661481658,0.004619935818578028
1,0,0,0,0,0,0,0,0,0,0,1,0,0,0,1,0,0,0,0,0,0,3,0,0,2,0,3,0,0,0,58248786.223061465,40571111.3149534,205800000.0,1685.2810829132422,0.021482337576420665
0,0,0,0,0,0,0,0,0,0,0,0,0,0,0,3,3,0,0,0,0,0,1,0,0,0,0,1,0,0,0,95816043.64205179,68911593.59136322,0.0,5758.400909779997,0.01341214775944214
1,0,0,0,1,0,0,1,0,0,0,0,0,0,0,1,0,0,0,0,0,0,1,0,0,0,0,0,0,0,0,144441770.5729903,20299287.62732069,333100000.0,4572.95957722487,0.05735453211776039
1,0,0,0,1,0,0,1,1,1,0,1,0,0,0,3,0,0,0,0,0,0,3,1,0,1,0,2,3,0,0,11438092.750183892,90905119.34775552,606200000.0,679.7917890489285,0.001425094971868111
0,0,0,0,0,1,0,1,1,0,1,0,0,0,0,1,0,0,0,0,0,0,3,0,0,1,0,0,3,0,0,11779764.272174634,60870358.80340761,400400000.0,341.0857950562372,0.004377159753408873
0,1,0,0,0,0,0,0,0,0,0,0,0,0,0,2,0,0,0,3,0,0,5,0,0,1,1,0,4,0,0,6006218.005562676,122875801.02515684,84600000.0,331.0921284147253,0.0006303394039192259
0,0,0,0,0,0,1,1,0,0,0,0,0,0,0,3,3,0,0,0,0,0,2,0,0,0,1,3,2,0,0,27292049.036663886,107100622.00118625,61400000.0,1751.5711230542222,0.0029426352367434468
0,0,0,0,0,0,1,1,0,1,0,0,0,0,0,2,0,0,0,0,0,0,5,0,0,0,3,3,0,0,0,185598417.80519938,46601742.13080569,182600000.0,2152.1231250751366,0.021272293236297077
1,0,0,0,0,0,0,0,0,0,0,1,0,0,0,1,0,0,0,0,0,0,2,0,0,0,0,5,0,0,0,80306548.18546318,33236589.885058213,205800000.0,2223.637283106808,0.036344251854243774
0,0,0,0,0,0,0,0,0,0,0,0,0,0,0,0,3,0,0,0,0,0,3,0,0,0,0,3,1,0,0,62650537.01655425,99980159.88851945,0.0,0.0,0.06249862091637284
0,0,0,0,0,0,0,0,0,0,0,0,0,0,0,0,0,0,0,0,0,0,3,0,0,4,0,0,0,0,0,235081349.53898567,33893227.81352643,0.0,0.0,0.19208732096600892
1,0,0,0,0,0,0,1,0,0,0,1,1,0,0,2,0,0,0,0,0,0,3,0,0,0,0,0,0,0,0,30078870.75775999,24198032.45136138,492600000.0,1488.202570228527,0.004437594059639235
0,0,0,0,0,0,0,1,1,0,0,0,0,0,0,3,1,0,0,0,0,0,2,0,0,0,3,4,2,0,0,66003294.41461757,101617780.224589,61400000.0,2310.5015266459577,0.00664325498082978
1,0,0,0,0,0,1,0,0,1,0,0,0,0,0,3,0,0,0,0,0,0,1,0,0,0,3,0,0,0,0,50844720.7563155,28752695.323928736,236500000.0,2822.860593213485,0.008629490808120272
1,0,0,1,0,0,0,1,0,0,0,1,0,0,0,0,0,0,0,0,0,0,3,0,0,2,0,3,1,0,0,27291060.462040566,65608325.40112714,454300000.0,0.0,0.028120169202857155
1,0,0,0,0,0,0,1,0,1,1,1,0,0,0,3,0,0,0,0,0,0,5,0,0,4,1,2,0,0,0,11527607.696643064,54397027.74645809,478900000.0,683.5477989771822,0.0014470080245667922
0,0,0,0,0,1,0,0,1,1,0,0,0,0,0,1,0,0,0,0,0,0,3,0,0,5,1,1,0,0,0,27291060.462040566,50476515.440394685,369700000.0,788.2297435717442,0.010123260913028575
0,0,0,0,0,0,0,0,0,0,0,0,0,0,0,1,0,1,0,0,0,0,3,0,0,0,0,2,0,0,0,158745516.1537221,64225013.76504509,0.0,2763.0060779141413,0.04966677483977703
1,0,0,0,0,0,0,0,0,0,0,0,0,0,0,2,0,0,0,0,0,0,3,0,0,0,0,0,0,0,0,80488411.56949668,24198032.45136138,84600000.0,4080.980289018152,0.011889242341986348
0,0,0,0,0,0,0,0,0,0,0,0,0,0,0,1,3,0,0,0,0,0,2,2,0,1,0,1,3,0,0,65654659.76154623,131377126.69445096,0.0,1875.9821034020615,0.026013610618274133
0,0,0,0,0,0,0,1,0,0,0,0,0,0,0,2,0,1,0,0,0,0,1,0,0,0,0,0,0,0,0,192245178.9025183,52994188.72148262,30700000.0,6520.551975208371,0.027153253870076218
1,1,0,0,0,0,0,0,0,0,0,0,0,0,0,0,0,0,0,0,0,0,3,0,0,0,0,1,0,0,0,79225358.80198085,30518832.761027623,169200000.0,0.0,0.07861720428412038
0,0,0,0,0,0,0,0,0,0,0,0,0,0,0,1,0,0,0,0,0,0,2,0,0,0,0,0,0,0,0,238870507.84153318,22167818.198803753,0.0,2881.472692088678,0.06984739978321487
1,0,0,0,0,1,0,0,1,1,1,1,0,0,0,0,0,0,0,0,0,0,3,0,0,0,0,4,7,0,0,11527607.696643064,78086741.35866608,696700000.0,0.0,0.01205840020472327
0,0,0,0,0,0,0,0,0,0,0,0,0,0,0,2,0,0,0,0,0,0,0,0,0,0,1,1,0,0,0,326107902.16733766,12857587.774250694,0.0,8177.843893210976,0.054988756049185426
1,0,0,0,1,0,0,1,1,0,0,0,0,0,0,3,0,0,0,0,0,0,1,0,0,0,0,0,0,0,0,115200462.1645984,20299287.62732069,363800000.0,7921.286575213468,0.01299268581138586
1,0,0,0,1,0,0,0,0,1,0,1,0,0,0,0,0,0,0,0,0,0,3,0,0,0,0,0,0,0,0,38665104.48593918,24198032.45136138,544800000.0,0.0,0.038429842515823355
0,0,0,0,0,0,0,1,1,0,0,0,0,0,0,2,0,0,0,0,0,0,3,0,0,0,0,1,0,0,0,197782014.2307663,30518832.761027623,61400000.0,2861.6650363910676,0.022884624721294593
1,0,0,0,0,0,0,1,0,1,1,0,0,0,0,2,0,0,0,0,0,0,3,0,0,7,0,0,0,0,0,27147552.19575529,38459684.232860625,357700000.0,1303.7376459286274,0.0041741122641530725
0,1,0,0,0,0,0,0,0,1,0,1,0,0,1,1,0,0,0,0,0,0,0,0,0,0,3,0,0,0,0,58102578.23279677,8453407.696608048,583100000.0,1557.790802312174,0.029065481601186764
0,1,0,0,0,0,0,0,0,0,0,0,0,0,0,1,0,0,0,0,0,0,3,0,0,0,0,0,0,0,0,80488411.56949668,24198032.45136138,84600000.0,2458.1904799732865,0.028534181620767235
1,0,0,0,1,0,0,1,1,1,0,1,0,0,0,3,0,0,0,0,0,0,2,0,0,0,0,3,0,0,0,15819928.261566982,30621225.8954118,606200000.0,1034.592093840893,0.0016965304060304492
1,0,0,0,0,0,0,0,1,1,0,0,0,0,0,3,0,0,0,0,0,0,3,0,0,0,0,3,0,0,0,30633265.96503099,32651440.14796943,236500000.0,1889.9668759624083,0.003588772538022568
0,0,0,0,0,0,0,0,0,0,0,0,0,0,0,2,3,0,0,0,0,0,3,0,0,7,0,0,0,0,0,74347928.78135595,80751189.88723692,0.0,3691.348993527758,0.011394928171443696
0,0,0,0,0,0,0,0,0,0,0,0,0,0,0,0,1,0,0,0,0,0,2,0,0,0,2,0,0,0,0,134250291.3518641,62194799.51248746,0.0,0.0,0.1425360734330115
0,1,0,0,0,0,0,0,0,0,0,0,0,0,0,0,0,0,0,0,0,0,3,0,0,0,0,0,0,0,0,80488411.56949668,24198032.45136138,84600000.0,0.0,0.07926161561324231
0,0,0,0,0,0,0,0,1,0,0,0,0,0,0,3,0,0,1,0,0,0,4,0,0,0,2,3,0,0,0,185136134.3533222,75471359.5000604,30700000.0,5166.811800767216,0.018308007192278458
0,0,0,0,0,1,1,1,0,0,1,0,0,0,0,0,0,0,0,0,0,0,3,0,0,0,0,6,3,0,0,17600273.740477994,67136016.49251947,400400000.0,0.0,0.015299421829160043
0,0,0,0,0,0,0,1,0,0,0,0,0,0,0,0,0,0,0,0,0,0,2,0,0,0,2,7,0,0,0,202634138.22091556,44752868.46855439,30700000.0,0.0,0.15841616157565738
0,1,0,0,0,0,0,0,0,0,0,0,0,0,0,0,0,0,0,0,0,0,5,0,0,0,0,0,3,0,0,64697364.61260116,59149923.17298893,84600000.0,0.0,0.06359709685091207
0,0,0,0,0,0,0,1,1,0,0,0,0,0,0,2,0,1,0,0,0,0,3,0,0,3,0,0,2,0,0,102413205.98984787,92924571.2097866,61400000.0,1744.196405761812,0.012337609261323438
0,0,0,0,0,0,0,0,0,0,0,0,0,0,0,0,3,0,0,0,0,0,3,0,0,0,2,4,0,0,0,76394756.37740284,84190720.49910845,0.0,0.0,0.07706466374416386
0,0,0,0,0,0,1,1,1,0,0,0,0,0,0,0,3,0,0,0,0,0,2,1,0,0,1,3,4,0,0,19144553.52357956,134609786.6822294,92100000.0,0.0,0.016189149632972695
0,0,0,0,0,0,0,0,0,0,0,0,0,0,0,1,0,0,0,0,0,0,2,0,0,0,1,0,0,0,0,236344402.3065015,28488618.508469995,0.0,2781.5313893299317,0.0693834236262471
0,0,0,0,1,0,0,0,0,0,0,0,0,0,0,2,0,0,0,0,0,0,0,0,0,0,0,0,0,0,0,186842596.27040377,0.0,217800000.0,8278.102751727478,0.042940842603586764
0,1,0,0,0,0,0,0,0,0,0,0,0,0,0,2,0,0,0,0,0,0,0,0,0,0,1,0,0,0,0,184316490.7353721,6320800.309666242,84600000.0,8112.184573319402,0.04274751920485018
0,0,0,0,0,1,1,0,1,0,0,0,0,0,0,1,0,0,0,0,0,0,0,0,0,0,0,0,1,0,0,58815592.49256703,25037214.086173728,279200000.0,1727.6704557475246,0.026237916306712628
0,0,0,0,0,0,0,1,1,0,0,0,0,0,0,3,0,0,0,0,0,0,3,0,0,0,0,0,0,0,0,189630653.41301674,24198032.45136138,61400000.0,3002.773089490204,0.017264649567991265
1,0,0,0,1,0,1,0,0,1,0,1,0,0,0,0,0,0,0,3,0,0,3,0,0,0,3,2,0,0,0,16673700.658324309,88603826.69386101,575500000.0,0.0,0.015502470122719094
0,0,0,0,0,0,0,1,0,0,0,0,0,0,0,2,0,0,0,0,0,0,2,0,0,0,1,3,0,0,0,202634138.22091556,37230886.37915471,30700000.0,2996.372014344026,0.02376242423634861
0,1,0,0,0,0,0,1,0,1,0,0,0,0,1,1,0,0,0,0,0,0,0,0,0,0,2,3,0,0,0,50065632.51775273,16373078.863592021,492600000.0,1340.5219881516487,0.025694951244224745
0,0,0,0,0,0,1,1,0,0,0,1,1,0,0,1,0,0,0,0,0,0,2,0,0,0,0,0,0,0,0,185598417.80519938,22167818.198803753,438700000.0,1296.3376941629058,0.05105350376711297
0,0,0,0,0,0,0,0,0,0,0,0,0,0,0,2,0,1,0,1,0,0,7,0,0,0,0,0,3,0,0,114465485.55862089,135513110.8266285,0.0,2483.1598483049547,0.013412951337808962
